{"best_mean_auroc": 0.8180845503377893, "lr": 0.00010000000474974513}